id=1;Pieštukas;Karolis;Rudokas;+37062122344;Aguonų g. 11;Klaipėda;2017-06-24
id=2;Tušinukas;Šarūnas;Andrijauskas;+37062354551;Švyturio g. 54;Šiauliai;2017-08-14
id=3;Trintukas;Viktorija;Andrijauskaitė;+37061242544;Lubinų g. 13-5;Alytus;2017-08-16
id=4;Korektorius;Rokas;Akinskas;+37062144251;Stalių g. 18;Ukmergė;2017-08-25
id=5;Markeris;Danielius;Augustinas;+37062541788;Karklų g. 14;Marijampolė;2017-08-30
id=6;Pieštukas;Emilius;Blažukas;+37065412877;Agrastų g. 17;Šiauliai;2017-09-25
id=7;Trintukas;Ema;Banytė;+37068765441;Orakulų g. 87;Kaunas;2017-09-26
id=8;Pieštukas;Deimantė;Bumbliauskaitė;+37063214111;Kamanių g. 11;Vilnius;2017-09-26
id=9;Korektorius;Liepa;Čerputė;+37062144126;Černenkos g. 14;Klaipėda;2017-10-15
id=10;Trintukas;Tomas;Čizikas;+37062514412;Obuolių g. 65;Vilnius;2017-11-11
id=11;Markeris;Martynas;Cibulskas;+37062458874;Apelsinų g. 25;Vilnius;2017-11-11
id=12;Pieštukas;Mantas;Daknys;+37062458762;Stalių g. 36;Ukmergė;2017-12-03
id=13;Pieštukas;Lukas;Kedys;+37062564222;Plungės g. 54;Klaipėda;2017-12-14
id=14;Tušinukas;Matas;Davidavičius;+37069864264;Alytaus g. 21;Vilnius;2017-12-15
id=15;Korektorius;Nojus;Pauža;+37062341552;Juozapiškių g. 54;Kaunas;2017-12-15
id=16;Tušinukas;Dominykas;Keris;+37069865744;M. Mažvydo g. 14;Šiauliai;2017-12-16
id=17;Trintukas;Dovydas;Svirskis;+37066817962;Ukmergės g. 98;Plungė;2017-12-17
id=18;Pieštukas;Mantas;Milašius;+37061972436;Vaižganto g. 14;Mažeikiai;2017-12-20
id=19;Trintukas;Rokas;Kudirka;+37066298184;Laisvės g. 69;Telšiai;2017-12-20
id=20;Korektorius;Ignas;Kuprionis;+37062643585;Joniškio g. 47;Skuodas;2017-12-20
id=21;Korektorius;Jonas;Pažerečkas;+37062442362;Švyturio g. 47;Utena;2017-12-21
id=22;Korektorius;Martynas;Gvazdauskas;+37061868772;Alytaus g. 3;Kretinga;2018-01-04
id=23;Tušinukas;Jokūbas;Balčius;+37062730290;Šiaulių g. 67;Palanga;2018-01-05
id=24;Pieštukas;Tomas;Sakalauskas;+37063973314;Persikų g. 45;Šiauliai;2018-01-05
id=25;Trintukas;Klajus;Augustinavičius;+37069875087;Teatro g. 47;Utena;2018-01-16
id=26;Trintukas;Arnas;Balčius;+37066834657;Ąuolo g. 91-5;Šiauliai;2018-01-17
id=27;Tušinukas;Deividas;Subačius;+37069237292;Kunigų g. 44;Telšiai;2018-01-17
id=28;Tušinukas;Karolis;Saurusaitis;+37069674933;Alėjos g. 11;Plungė;2018-01-17
id=29;Korektorius;Kamilė;Anzaitė;+37063325398;Ukmergės g. 1;Alytus;2018-01-18
id=30;Tušinukas;Ugnė;Pranckaitė;+37061844658;Husarų g. 98;Ukmergė;2018-01-19
id=31;Pieštukas;Austėja;Pelikaitė;+37066863864;Nuotakų g. 32;Radviliškis;2018-01-20
id=32;Pieštukas;Paulius;Bernotinas;+37062648692;Neries g. 84;Kaunas;2018-01-21
id=33;Korektorius;Danielius;Rupeika;+37065354874;Nemuno g. 66;Radviliškis;2018-01-22
id=34;Tušinukas;Liepa;Gembeckienė;+37066181142;Naujoji g. 48;Marijampolė;2018-01-22
id=35;Trintukas;Miglė;Drozdovienė;+37064131973;Naujininkų g. 33;Šiauliai;2018-01-23
id=36;Pieštukas;Goda;Mankaitė;+37068408138;Kelpių g. 84;Telšiai;2018-01-23
id=37;Korektorius;Evelina;Barysaitė;+37069585203;Pumpėnų g. 1;Klaipėda;2018-01-23
id=38;Trintukas;Augustė;Matulionytė;+37063646555;Gileikių g. 65;Palanga;2018-01-25
id=39;Tušinukas;Greta;Kunigylaitė;+37065310688;Edinburgo g. 87;Kaunas;2018-01-26
id=40;Pieštukas;Paulius;Sutkus;+37068428846;Augustinų g. 36;Vilnius;2018-01-26
id=41;Korektorius;Benas;Česaitis;+37066820557;Šlaito g. 33;Mažeikiai;2018-01-26
id=42;Korektorius;Evelina;Paušaitė;+37066471850;Klevų g. 5;Jonava;2018-01-28
id=43;Tušinukas;Jonas;Sosnovas;+37062374399;Zietelos g. 9;Tauragė;2018-02-01
id=44;Pieštukas;Petras;Mikutis;+37061064041;Giedrioji g. 4;Klaipėda;2018-02-01
id=45;Tušinukas;Viltė;Gintaraitė;+37062211490;Sausupio g. 12;Vilnius;2018-02-02
id=46;Markeris;Karolina;Tumšaitė;+37065932322;Pakalniškių g. 13;Kaunas;2018-02-03
id=47;Markeris;Rugilė;Einikytė;+37061244272;Ceikinių g. 14;Radviliškis;2018-02-05
id=48;Tušinukas;Ignas;Savickas;+37061742993;Turgaus g. 98;Marijampolė;2018-02-06
id=49;Pieštukas;Rokas;Tankevičius;+37067695856;Trimitų g. 8;Vilnius;2018-02-08
id=50;Korektorius;Ema;Labutaitė;+37063842923;Linkmenų g. 52;Vilnius;2018-02-12
